{
    "1": {
        "flux": [
            0.9999999999930083, 
            0.9999999999949978, 
            0.9999999999943725, 
            -0.9999999999910187, 
            -0.9999999999238298, 
            2.000000000056559, 
            0.9999999999910187, 
            0.9999999999910187, 
            0.9999999999943725, 
            0.9999999999949978, 
            0.9999999999930083, 
            1.9999999999873808, 
            -1.0, 
            3.0
        ], 
        "iteration": 1, 
        "modelstat": "Optimal", 
        "reaction_id": [
            "R00761", 
            "R00760", 
            "R01529", 
            "R01829", 
            "R00315", 
            "R00317", 
            "R01015", 
            "R01845", 
            "R01056", 
            "R00878", 
            "R01641", 
            "R01621", 
            "EX_C00267", 
            "EX_C00033"
        ], 
        "time": 3.9844231605529785
    }
}