{
    "1": {
        "flux": [
            -3.0, 
            2.000000000016586, 
            -0.9999999999998636, 
            0.9999999999998636, 
            1.0, 
            1.0000000000006821, 
            1.0000000000001894, 
            1.0000000000001894, 
            -1.000000000000273, 
            -1.000000000000273, 
            1.000000000000273, 
            -0.9999999999998636, 
            3.0000000000007354, 
            -1.0, 
            3.0, 
            3.0
        ], 
        "iteration": 1, 
        "modelstat": "Optimal", 
        "reaction_id": [
            "ACKR_c0", 
            "ATPM_c0", 
            "FBA_c0", 
            "FBP_c0", 
            "HEX1_c0", 
            "PGI_c0", 
            "RPE_c0", 
            "RPI_c0", 
            "TAL_c0", 
            "TKT1_c0", 
            "TKT2_c0", 
            "TPI_c0", 
            "XPK_c0", 
            "EX_cpd00027_c0", 
            "EX_cpd00067_c0", 
            "EX_cpd00029_c0"
        ], 
        "time": 0.36496901512145996
    }
}